CRASH DATE,CRASH TIME,BOROUGH,ZIP CODE,LATITUDE,LONGITUDE,NUMBER OF PERSONS INJURED,NUMBER OF PERSONS KILLED,NUMBER OF PEDESTRIANS INJURED,NUMBER OF PEDESTRIANS KILLED,NUMBER OF CYCLIST INJURED,NUMBER OF CYCLIST KILLED,NUMBER OF MOTORIST INJURED,NUMBER OF MOTORIST KILLED,CONTRIBUTING FACTOR VEHICLE 1,CONTRIBUTING FACTOR VEHICLE 2,COLLISION_ID,VEHICLE TYPE CODE 1,VEHICLE TYPE CODE 2
08/27/2021,9:15,Manhattan,10035.0,40.80574,-73.942764,1.0,1.0,1,1,0,0,0,0,Unspecified,,4457151,Sedan,
09/11/2021,18:18,Brooklyn,11238.0,40.684204,-73.96806,3.0,1.0,1,1,0,0,2,0,Unsafe Speed,Unspecified,4457191,Sedan,Sedan
12/17/2021,23:50,Staten Island,10312.0,40.547924,-74.166954,1.0,1.0,0,0,0,0,1,1,Unsafe Speed,,4487497,Sedan,
04/21/2021,0:55,Queens,11419.0,40.692135,-73.83485,3.0,1.0,0,0,0,0,3,1,Alcohol Involvement,Unspecified,4409176,Sedan,Pick-up Truck
08/21/2021,8:07,Queens,11106.0,40.758125,-73.928505,1.0,1.0,0,0,0,0,1,1,Traffic Control Disregarded,Unspecified,4451296,Station Wagon/Sport Utility Vehicle,Motorcycle
03/28/2022,8:25,Manhattan,10037.0,40.820435,-73.93623,2.0,1.0,1,1,0,0,1,0,Unspecified,Unspecified,4514342,Sedan,Station Wagon/Sport Utility Vehicle
05/17/2021,19:20,Brooklyn,11211.0,40.71045,-73.95687,1.0,1.0,0,0,0,0,1,1,Unsafe Speed,Unspecified,4417621,Station Wagon/Sport Utility Vehicle,Box Truck
08/31/2021,2:39,Brooklyn,11201.0,40.691193,-73.99777,1.0,1.0,0,0,0,0,1,1,Unsafe Speed,Unspecified,4452542,Sedan,Tractor Truck Diesel
02/22/2022,1:30,Brooklyn,11236.0,40.645397,-73.91893,1.0,1.0,0,0,0,0,1,1,Unsafe Speed,Unspecified,4504805,Sedan,Tractor Truck Diesel
09/28/2021,11:13,Brooklyn,11223.0,40.59783,-73.96549,1.0,1.0,1,1,0,0,0,0,Failure to Yield Right-of-Way,,4462331,Station Wagon/Sport Utility Vehicle,
05/28/2021,20:39,Queens,11105.0,40.777958,-73.90847,1.0,1.0,0,1,1,0,0,0,Unspecified,,4421901,E-Bike,
06/10/2021,23:43,Brooklyn,11234.0,40.607178,-73.91642,4.0,1.0,0,0,0,0,4,1,Unsafe Speed,,4426256,Station Wagon/Sport Utility Vehicle,
01/04/2022,0:42,Brooklyn,11222.0,40.72083,-73.93814,1.0,1.0,0,0,0,0,1,1,Unsafe Speed,Unspecified,4491817,Sedan,Dump
01/08/2022,5:18,Bronx,10474.0,40.81005,-73.88724,1.0,1.0,0,0,0,0,1,1,Alcohol Involvement,Unspecified,4492843,Sedan,Tractor Truck Diesel
06/13/2021,3:50,Queens,11379.0,40.714622,-73.90117,2.0,1.0,0,0,0,0,2,1,Traffic Control Disregarded,Unspecified,4432163,Station Wagon/Sport Utility Vehicle,Station Wagon/Sport Utility Vehicle
06/28/2021,19:27,Brooklyn,11203.0,40.637455,-73.92886,1.0,1.0,0,0,0,0,1,1,Unsafe Speed,Unspecified,4432786,Sedan,Station Wagon/Sport Utility Vehicle
06/29/2021,0:21,Brooklyn,11207.0,40.676144,-73.893074,2.0,1.0,0,0,0,0,2,1,Unspecified,Unspecified,4432515,Sedan,Sedan
07/17/2021,3:23,Brooklyn,11233.0,40.677288,-73.92824,1.0,1.0,0,0,0,0,1,1,Unsafe Speed,,4437642,Sedan,
09/25/2021,6:37,Brooklyn,11212.0,40.666189,-73.9166575,2.0,1.0,0,0,0,0,2,1,Alcohol Involvement,Unspecified,4461288,Sedan,Station Wagon/Sport Utility Vehicle
07/24/2021,20:38,Queens,11434.0,40.65616,-73.76736,4.0,2.0,0,0,0,0,4,2,Unsafe Speed,Failure to Yield Right-of-Way,4442158,Sedan,Sedan
08/01/2021,2:13,Brooklyn,11213.0,40.677715,-73.93587,1.0,1.0,0,0,0,0,1,1,Unspecified,,4442673,Motorcycle,
08/05/2021,23:12,Bronx,10463.0,40.874615,-73.90472,1.0,1.0,0,0,0,0,1,1,Tinted Windows,Unspecified,4444800,Motorcycle,Sedan
08/10/2021,13:28,Bronx,10467.0,40.885693,-73.86165,2.0,1.0,0,0,0,0,2,1,Unsafe Speed,Unspecified,4445781,Minibike,Station Wagon/Sport Utility Vehicle
08/07/2021,21:30,Manhattan,10033.0,40.84992,-73.93148,3.0,1.0,3,1,0,0,0,0,Unspecified,,4444798,Sedan,
09/02/2021,10:54,Brooklyn,11205.0,40.694576,-73.95615,1.0,1.0,1,1,0,0,0,0,View Obstructed/Limited,,4453656,Flat Bed,
09/07/2021,20:30,Bronx,10463.0,40.877235,-73.91781,1.0,1.0,0,1,0,0,1,0,Unspecified,,4455073,Bus,
02/21/2022,15:13,Queens,11385.0,40.710777,-73.86502,3.0,1.0,0,0,0,0,3,1,Traffic Control Disregarded,Unspecified,4504806,Moped,Station Wagon/Sport Utility Vehicle
02/06/2022,2:09,Brooklyn,11216.0,40.670006,-73.95328,4.0,1.0,0,0,0,0,4,1,Unsafe Speed,Unspecified,4500420,Sedan,Sedan
02/26/2022,2:33,Queens,11419.0,40.689003,-73.829346,2.0,1.0,0,0,0,0,2,1,Unsafe Speed,Unspecified,4506087,Sedan,Sedan
03/04/2022,18:11,Brooklyn,11214.0,40.61157,-73.994606,1.0,1.0,1,1,0,0,0,0,Traffic Control Disregarded,,4507537,E-Bike,
05/02/2022,2:47,Manhattan,10002.0,40.72293,-73.98865,3.0,1.0,0,1,0,0,3,0,Alcohol Involvement,Unspecified,4524167,Sedan,Taxi
07/10/2022,20:47,Staten Island,10309.0,40.508614,-74.22375,6.0,3.0,0,0,0,0,6,3,Unsafe Speed,Failure to Yield Right-of-Way,4545310,Sedan,Station Wagon/Sport Utility Vehicle
07/17/2022,13:09,Queens,11691.0,40.59561,-73.77656,2.0,1.0,0,0,0,0,2,1,Unsafe Speed,Unsafe Speed,4546808,Motorcycle,Motorbike
07/19/2022,14:25,Bronx,10472.0,40.829044,-73.87444,1.0,2.0,0,0,0,0,1,2,Unsafe Speed,Unspecified,4549200,Motorcycle,Station Wagon/Sport Utility Vehicle
05/22/2022,22:47,Bronx,10468.0,40.86531,-73.90333,1.0,1.0,0,0,0,0,1,1,Traffic Control Disregarded,Unspecified,4530824,Station Wagon/Sport Utility Vehicle,Motorcycle
05/26/2022,7:05,Staten Island,10305.0,40.613373,-74.063255,2.0,1.0,1,1,0,0,1,0,Failure to Yield Right-of-Way,,4531423,Station Wagon/Sport Utility Vehicle,
05/30/2022,10:18,Brooklyn,11204.0,40.608593,-73.975,3.0,1.0,0,1,0,0,3,0,Traffic Control Disregarded,Unspecified,4532525,Station Wagon/Sport Utility Vehicle,Taxi
08/03/2022,4:00,Manhattan,10034.0,40.865795,-73.920006,5.0,2.0,0,2,0,0,5,0,Unsafe Speed,Unspecified,4552542,Sedan,Station Wagon/Sport Utility Vehicle
07/17/2022,16:44,Manhattan,10026.0,40.804417,-73.955376,1.0,1.0,1,0,0,0,0,1,Traffic Control Disregarded,,4547098,Motorcycle,
06/25/2022,19:10,Brooklyn,11233.0,40.684147,-73.922966,4.0,1.0,2,1,1,0,1,0,Unsafe Speed,Passing or Lane Usage Improper,4541939,Station Wagon/Sport Utility Vehicle,Station Wagon/Sport Utility Vehicle
08/14/2022,21:22,Bronx,10463.0,40.87078,-73.90686,1.0,1.0,0,0,0,0,1,1,Driver Inexperience,Turning Improperly,4555472,Motorscooter,Sedan
03/05/2021,6:38,Staten Island,10304.0,40.59325,-74.11065,1.0,1.0,0,0,0,0,1,1,Unsafe Speed,,4396626,Sedan,
04/04/2021,15:01,Brooklyn,11234.0,40.61877,-73.929794,9.0,1.0,0,0,0,0,9,1,Unsafe Speed,Unspecified,4404594,Sedan,Station Wagon/Sport Utility Vehicle
12/09/2020,10:16,Brooklyn,11234.0,40.635483,-73.92381,1.0,1.0,0,1,0,0,1,0,Traffic Control Disregarded,Unspecified,4374651,Sedan,Sedan
12/24/2020,19:09,Queens,11416.0,40.681484,-73.84788,2.0,1.0,0,0,0,0,2,1,Failure to Yield Right-of-Way,Driver Inattention/Distraction,4379386,Sedan,Station Wagon/Sport Utility Vehicle
01/29/2021,7:46,Staten Island,10305.0,40.603615,-74.06931,1.0,1.0,0,1,0,0,1,0,Unspecified,,4387617,Box Truck,
01/01/2021,4:40,Queens,11691.0,40.601368,-73.760056,1.0,2.0,0,0,0,0,1,2,Unsafe Speed,Unspecified,4380776,Pick-up Truck,Station Wagon/Sport Utility Vehicle
10/30/2020,17:18,Queens,11432.0,40.705147,-73.7957,3.0,2.0,3,2,0,0,0,0,Driver Inexperience,,4362781,Station Wagon/Sport Utility Vehicle,
11/20/2020,11:45,Queens,11413.0,40.651405,-73.758896,2.0,2.0,0,0,0,0,2,2,Driver Inattention/Distraction,,4369300,Sedan,
10/29/2020,18:14,Bronx,10462.0,40.84773,-73.85709,1.0,1.0,0,1,0,0,1,0,Unspecified,,4362433,Bus,
10/18/2020,0:58,Bronx,10463.0,40.87142,-73.90654,1.0,1.0,0,1,0,0,1,0,Unsafe Speed,Unspecified,4358649,Sedan,Station Wagon/Sport Utility Vehicle
11/16/2020,7:18,Manhattan,10001.0,40.74977,-73.987785,1.0,1.0,0,0,0,0,1,1,Traffic Control Disregarded,Unspecified,4369418,Flat Bed,Sedan
09/12/2020,8:36,Queens,11413.0,40.665386,-73.74493,1.0,1.0,0,0,0,0,1,1,Turning Improperly,Unspecified,4348484,Concrete Mixer,Sedan
08/30/2020,20:17,Bronx,10453.0,40.854588,-73.90187,3.0,1.0,0,0,0,0,3,1,Traffic Control Disregarded,Unspecified,4343360,Motorcycle,Sedan
10/03/2020,8:20,Bronx,10465.0,40.824352,-73.82022,2.0,1.0,0,0,0,0,2,1,Unsafe Speed,Unspecified,4354566,Sedan,Sedan
10/06/2020,1:50,Brooklyn,11208.0,40.660797,-73.87183,1.0,1.0,0,0,0,0,1,1,Traffic Control Disregarded,Unspecified,4355332,Sedan,Box Truck
08/27/2020,8:16,Queens,11385.0,40.7042,-73.88288,1.0,1.0,0,1,0,0,1,0,Unspecified,,4342458,Station Wagon/Sport Utility Vehicle,
09/15/2020,18:25,Brooklyn,11203.0,40.658295,-73.93109,4.0,1.0,0,0,0,0,4,1,Unsafe Speed,Unspecified,4348462,Motorcycle,Station Wagon/Sport Utility Vehicle
09/18/2020,16:29,Brooklyn,11208.0,40.67974,-73.87839,1.0,1.0,0,1,0,0,1,0,Driver Inattention/Distraction,,4349479,Station Wagon/Sport Utility Vehicle,
09/24/2020,7:07,Manhattan,10021.0,40.77012,-73.95741,1.0,1.0,0,0,0,0,1,1,Unspecified,Unspecified,4351824,Sedan,Station Wagon/Sport Utility Vehicle
10/03/2020,7:40,Brooklyn,11220.0,40.644455,-74.0183,1.0,1.0,0,0,0,1,1,0,Unsafe Speed,Traffic Control Disregarded,4354880,Motorcycle,Bike
09/05/2020,11:53,Queens,11106.0,40.75658,-73.929756,1.0,1.0,0,0,0,0,1,1,Failure to Yield Right-of-Way,Unspecified,4344929,Motorcycle,Motorcycle
09/17/2020,0:47,Brooklyn,11206.0,40.69603,-73.943535,11.0,1.0,0,0,0,0,11,1,Unspecified,Unspecified,4349816,Chassis Cab,Ambulance
09/19/2020,22:30,Queens,11379.0,40.727978,-73.871025,1.0,1.0,1,0,0,0,0,1,Traffic Control Disregarded,,4349728,Motorcycle,
10/06/2020,3:52,Queens,11420.0,40.66549,-73.819534,1.0,3.0,0,0,0,0,1,3,Unsafe Speed,,4355333,Sedan,
07/15/2020,9:52,Brooklyn,11212.0,40.66241,-73.90987,2.0,1.0,0,1,0,0,2,0,Traffic Control Disregarded,Unspecified,4328665,Station Wagon/Sport Utility Vehicle,Sedan
08/16/2020,6:54,Queens,11691.0,40.59515,-73.75321,1.0,1.0,0,0,0,0,1,1,Driver Inattention/Distraction,,4339469,Sedan,
07/11/2020,20:18,Brooklyn,11234.0,40.58993,-73.90059,4.0,3.0,0,0,0,0,4,3,Driver Inexperience,Driver Inexperience,4327676,Sedan,Sedan
06/30/2020,0:24,Queens,11372.0,40.75314,-73.87262,2.0,1.0,0,0,0,0,2,1,Driver Inattention/Distraction,Unspecified,4324297,Sedan,Station Wagon/Sport Utility Vehicle
06/29/2020,14:41,Queens,11694.0,40.582584,-73.83022,1.0,1.0,0,0,0,0,1,1,Traffic Control Disregarded,Unspecified,4324167,Sedan,Sedan
08/11/2020,7:15,Bronx,10467.0,40.874325,-73.86707,1.0,1.0,0,0,0,0,1,1,Turning Improperly,Unsafe Speed,4337926,Sedan,Motorcycle
07/05/2020,19:19,Brooklyn,11210.0,40.62573,-73.9564,1.0,1.0,0,1,0,0,1,0,Traffic Control Disregarded,Unspecified,4326077,Sedan,Sedan
07/18/2020,17:30,Brooklyn,11222.0,40.732006,-73.95795,1.0,1.0,0,0,0,0,1,1,Driver Inexperience,,4330574,Motorcycle,
05/22/2020,10:56,Queens,11413.0,40.682514,-73.75665,1.0,1.0,0,0,0,0,1,1,Unsafe Speed,Unspecified,4315230,Motorcycle,Sedan
06/10/2020,15:44,Brooklyn,11212.0,40.654667,-73.907394,1.0,1.0,0,1,0,0,1,0,Illnes,,4319173,Station Wagon/Sport Utility Vehicle,
06/13/2020,16:07,Staten Island,10312.0,40.52257,-74.19001,3.0,1.0,0,0,0,0,3,1,Passing or Lane Usage Improper,Unspecified,4320868,Station Wagon/Sport Utility Vehicle,Station Wagon/Sport Utility Vehicle
05/24/2020,20:09,Manhattan,10029.0,40.793816,-73.94012,4.0,1.0,1,0,0,0,3,1,Traffic Control Disregarded,Unspecified,4315469,Motorcycle,Station Wagon/Sport Utility Vehicle
04/25/2020,20:01,Staten Island,10312.0,40.544487,-74.176506,1.0,1.0,0,0,0,0,1,1,Traffic Control Disregarded,Unspecified,4310289,Station Wagon/Sport Utility Vehicle,Station Wagon/Sport Utility Vehicle
06/27/2020,4:48,Manhattan,10031.0,40.826427,-73.950455,4.0,1.0,0,0,0,0,4,1,Unsafe Speed,Unspecified,4323817,Sedan,Sedan
06/12/2020,15:44,Brooklyn,11236.0,40.643784,-73.90218,1.0,1.0,0,0,0,0,1,1,Unsafe Speed,Unspecified,4319587,Motorcycle,Station Wagon/Sport Utility Vehicle
04/19/2020,1:30,Queens,11419.0,40.681923,-73.831924,2.0,1.0,0,0,0,0,2,1,Traffic Control Disregarded,Unspecified,4309394,Sedan,Station Wagon/Sport Utility Vehicle
02/25/2020,6:45,Brooklyn,11208.0,40.663914,-73.86716,1.0,1.0,1,1,0,0,0,0,Driver Inattention/Distraction,,4293236,Bus,
02/21/2020,11:16,Queens,11373.0,40.732395,-73.87644,1.0,1.0,0,1,0,0,1,0,Failure to Yield Right-of-Way,,4294348,Station Wagon/Sport Utility Vehicle,
02/27/2020,8:14,Brooklyn,11207.0,40.667835,-73.89484,2.0,1.0,1,1,0,0,1,0,Failure to Yield Right-of-Way,,4294313,Station Wagon/Sport Utility Vehicle,
02/05/2020,13:42,Brooklyn,11203.0,40.643665,-73.94203,2.0,1.0,0,0,0,0,2,1,Driver Inattention/Distraction,Unspecified,4284064,Pick-up Truck,Station Wagon/Sport Utility Vehicle
01/17/2020,23:58,Queens,11413.0,40.683517,-73.75532,2.0,1.0,0,0,0,0,2,1,Unsafe Speed,Traffic Control Disregarded,4274978,Sedan,Station Wagon/Sport Utility Vehicle
02/18/2020,17:49,Manhattan,10035.0,40.796356,-73.932205,1.0,1.0,0,1,1,0,0,0,Unspecified,,4290824,E-Scooter,
01/25/2020,6:30,Manhattan,10013.0,40.71654,-73.996994,1.0,1.0,0,1,0,0,1,0,Unspecified,,4278630,Station Wagon/Sport Utility Vehicle,
01/07/2020,6:52,Queens,11368.0,40.73716,-73.86405,1.0,1.0,1,1,0,0,0,0,Unspecified,,4269930,Flat Rack,
01/04/2020,18:59,Staten Island,10312.0,40.549496,-74.181244,1.0,1.0,0,0,0,0,1,1,Traffic Control Disregarded,Unspecified,4269925,Station Wagon/Sport Utility Vehicle,Taxi
12/09/2019,9:35,Manhattan,10029.0,40.796,-73.93542,2.0,1.0,2,1,0,0,0,0,Failure to Yield Right-of-Way,,4254875,Pick-up Truck,
12/11/2019,20:18,Queens,11377.0,40.75119,-73.90203,2.0,1.0,0,1,0,0,2,0,Alcohol Involvement,Unspecified,4256870,Station Wagon/Sport Utility Vehicle,Station Wagon/Sport Utility Vehicle
12/08/2019,4:56,Brooklyn,11234.0,40.63742,-73.92401,1.0,1.0,0,0,0,0,1,1,Alcohol Involvement,Unspecified,4254178,Sedan,Sedan
11/06/2019,8:37,Queens,11379.0,40.71116,-73.879074,2.0,1.0,0,1,0,0,2,0,Unspecified,,4236753,Bus,
10/12/2019,15:19,Brooklyn,11218.0,40.644,-73.976585,2.0,1.0,1,1,0,0,1,0,Unspecified,,4225404,Station Wagon/Sport Utility Vehicle,
10/12/2019,23:51,Queens,11434.0,40.65616,-73.76736,1.0,1.0,0,0,1,1,0,0,Alcohol Involvement,Other Lighting Defects,4223206,Sedan,E-Sco
09/17/2019,15:56,Bronx,10467.0,40.88065,-73.86494,1.0,1.0,0,1,0,0,1,0,Driver Inexperience,Unspecified,4207959,Station Wagon/Sport Utility Vehicle,Station Wagon/Sport Utility Vehicle
09/10/2019,1:14,Queens,11420.0,40.68225,-73.81517,1.0,1.0,0,0,0,0,1,1,Traffic Control Disregarded,Unspecified,4202753,Station Wagon/Sport Utility Vehicle,Station Wagon/Sport Utility Vehicle
08/11/2019,12:27,Brooklyn,11230.0,40.619984,-73.96427,1.0,1.0,0,0,0,1,1,0,Unsafe Speed,Unspecified,4188033,Sedan,Bike
07/31/2019,5:08,Brooklyn,11207.0,40.675632,-73.89878,2.0,1.0,0,0,0,0,2,1,Unsafe Speed,Unspecified,4180307,Sedan,Pick-up Truck
08/10/2019,21:07,Manhattan,10011.0,40.738045,-73.996346,1.0,1.0,1,1,0,0,0,0,Driver Inattention/Distraction,,4188207,Pick-up Truck,
07/07/2019,12:59,Manhattan,10027.0,40.812103,-73.94976,2.0,1.0,0,1,0,0,2,0,Traffic Control Disregarded,Unspecified,4166418,Sedan,Station Wagon/Sport Utility Vehicle
07/19/2019,15:32,Manhattan,10025.0,40.79656,-73.97226,1.0,1.0,1,1,0,0,0,0,Driver Inattention/Distraction,,4175135,Station Wagon/Sport Utility Vehicle,
06/27/2019,20:59,Brooklyn,11212.0,40.667027,-73.911026,1.0,1.0,0,0,0,1,1,0,Driver Inattention/Distraction,Traffic Control Disregarded,4163415,Station Wagon/Sport Utility Vehicle,Bike
07/16/2019,23:51,Brooklyn,11236.0,40.640373,-73.89702,2.0,1.0,0,0,0,0,2,1,Unspecified,Unspecified,4171661,Motorcycle,Station Wagon/Sport Utility Vehicle
06/02/2019,2:34,Queens,11411.0,40.701443,-73.74134,3.0,1.0,0,0,0,0,3,1,Unspecified,Unspecified,4143519,Station Wagon/Sport Utility Vehicle,Sedan
05/03/2019,17:06,Brooklyn,11233.0,40.679325,-73.9193,1.0,1.0,0,1,0,0,1,0,Driver Inattention/Distraction,,4125112,Box Truck,
05/21/2019,1:09,Queens,11433.0,40.69917,-73.79953,1.0,1.0,0,0,0,0,1,1,Backing Unsafely,Unsafe Speed,4135659,Garbage or Refuse,Motorcycle
05/08/2019,16:07,Brooklyn,11236.0,40.62737,-73.89969,1.0,1.0,0,0,0,0,1,1,Unsafe Speed,Unspecified,4128180,Station Wagon/Sport Utility Vehicle,Sedan
04/16/2019,1:04,Manhattan,10040.0,40.854904,-73.92965,2.0,1.0,0,0,0,0,2,1,Unsafe Speed,Unspecified,4115535,Sedan,Van
03/30/2019,16:21,Brooklyn,11234.0,40.62853,-73.9221,2.0,1.0,0,0,0,0,2,1,Traffic Control Disregarded,Unspecified,4105767,Sedan,Sedan
02/05/2019,18:07,Queens,11362.0,40.755985,-73.72724,3.0,1.0,1,1,0,0,2,0,Driver Inattention/Distraction,,4075437,Station Wagon/Sport Utility Vehicle,
01/20/2019,4:07,Manhattan,10032.0,40.833843,-73.94851,1.0,1.0,0,0,0,0,1,1,Unsafe Speed,Unspecified,4058662,Sedan,Sedan
12/19/2018,17:41,Staten Island,10312.0,40.53759,-74.158844,1.0,1.0,0,1,0,0,1,0,Unspecified,,4048562,Station Wagon/Sport Utility Vehicle,
08/27/2022,7:19,Queens,11691.0,40.60095,-73.753716,1.0,1.0,1,1,0,0,0,0,Aggressive Driving/Road Rage,,4559882,Sedan,
12/29/2018,7:23,Manhattan,10013.0,40.722324,-74.01178,3.0,1.0,0,0,0,0,3,1,Unsafe Speed,Alcohol Involvement,4056090,Sedan,Sedan
11/23/2018,21:30,Queens,11434.0,40.65616,-73.76736,1.0,1.0,0,0,0,0,1,1,Failure to Yield Right-of-Way,Unspecified,4031649,Sedan,Station Wagon/Sport Utility Vehicle
12/04/2018,14:22,Brooklyn,11235.0,40.58977,-73.93792,1.0,1.0,1,1,0,0,0,0,Failure to Yield Right-of-Way,,4046437,Station Wagon/Sport Utility Vehicle,
11/15/2018,22:40,Queens,11004.0,40.747433,-73.70811,1.0,1.0,0,0,0,0,1,1,Unsafe Speed,Unspecified,4029286,Sedan,Sedan
11/26/2018,18:45,Manhattan,10002.0,40.715622,-73.994286,6.0,1.0,6,1,0,0,0,0,Backing Unsafely,,4055916,Station Wagon/Sport Utility Vehicle,
10/15/2018,22:29,Manhattan,10128.0,40.786545,-73.95256,3.0,1.0,0,0,0,0,3,1,Unspecified,Unspecified,4001393,Utili,Motorcycle
09/05/2018,20:07,Brooklyn,11214.0,40.608128,-73.98738,1.0,1.0,0,1,0,0,1,0,Failure to Yield Right-of-Way,,3974758,Bus,
09/04/2018,7:38,Bronx,10472.0,40.831512,-73.877,1.0,1.0,0,0,0,0,1,1,Unspecified,Unspecified,3975191,Bus,Moped
09/03/2018,6:32,Brooklyn,11236.0,40.647717,-73.91535,1.0,1.0,0,0,0,0,1,1,Reaction to Uninvolved Vehicle,Unspecified,3973187,Pick-up Truck,Sedan
08/18/2018,23:19,Bronx,10469.0,40.87746,-73.853745,1.0,1.0,0,0,0,0,1,1,Failure to Yield Right-of-Way,Unspecified,3964340,Station Wagon/Sport Utility Vehicle,Motorscooter
08/05/2018,20:56,Queens,11414.0,40.654156,-73.838646,4.0,1.0,0,0,0,0,4,1,Failure to Yield Right-of-Way,Unspecified,3956141,Sedan,Motorcycle
08/20/2018,20:39,Bronx,10465.0,40.82,-73.81061,1.0,1.0,0,0,0,0,1,1,Failure to Yield Right-of-Way,Unspecified,3964624,Station Wagon/Sport Utility Vehicle,Open Body
07/21/2018,4:38,Queens,11385.0,40.705284,-73.90636,1.0,1.0,0,0,0,0,1,1,Traffic Control Disregarded,Unspecified,3945367,Station Wagon/Sport Utility Vehicle,Motorcycle
07/13/2018,7:10,Bronx,10471.0,40.903553,-73.905235,1.0,1.0,0,0,0,0,1,1,Failure to Keep Right,Failure to Keep Right,3941474,Station Wagon/Sport Utility Vehicle,Sedan
06/16/2018,10:37,Brooklyn,11207.0,40.657665,-73.89705,1.0,1.0,0,0,0,0,1,1,Reaction to Uninvolved Vehicle,Reaction to Uninvolved Vehicle,3931036,Sedan,Motorcycle
06/23/2018,20:48,Brooklyn,11207.0,40.6818,-73.88978,1.0,1.0,0,0,0,0,1,1,Driver Inattention/Distraction,Unspecified,3927434,Sedan,Motorcycle
06/12/2018,20:54,Brooklyn,11236.0,40.630383,-73.895004,1.0,1.0,1,1,0,0,0,0,Failure to Yield Right-of-Way,Unspecified,3919314,Station Wagon/Sport Utility Vehicle,Sedan
06/24/2018,16:29,Brooklyn,11237.0,40.70476,-73.91996,1.0,1.0,1,1,0,0,0,0,Unspecified,,3928142,Station Wagon/Sport Utility Vehicle,
05/26/2018,22:14,Queens,11429.0,40.702538,-73.73626,2.0,1.0,0,0,0,0,2,1,Unsafe Speed,Unspecified,3908480,Motorcycle,Station Wagon/Sport Utility Vehicle
05/24/2018,23:06,Queens,11433.0,40.703293,-73.7961,2.0,1.0,0,0,0,0,2,1,Unsafe Speed,Unspecified,3911120,Sedan,Sedan
05/27/2018,12:23,Staten Island,10306.0,40.57322,-74.106995,1.0,1.0,0,0,0,0,1,1,Unsafe Speed,Unspecified,3912745,Sedan,Station Wagon/Sport Utility Vehicle
06/08/2018,7:10,Brooklyn,11212.0,40.65418,-73.91068,1.0,1.0,0,0,0,0,1,1,Unsafe Speed,Unspecified,3917226,Station Wagon/Sport Utility Vehicle,Motorcycle
05/03/2018,7:10,Manhattan,10023.0,40.778477,-73.98546,1.0,1.0,0,1,0,0,1,0,Driver Inattention/Distraction,,3893656,Station Wagon/Sport Utility Vehicle,
04/21/2018,3:05,Staten Island,10310.0,40.62894,-74.116196,2.0,1.0,0,0,0,0,2,1,Traffic Control Disregarded,Unspecified,3890689,Station Wagon/Sport Utility Vehicle,Station Wagon/Sport Utility Vehicle
03/05/2018,12:40,Brooklyn,11215.0,40.66917,-73.98631,4.0,2.0,3,2,0,0,1,0,Illnes,Unspecified,3856972,Sedan,Station Wagon/Sport Utility Vehicle
03/02/2018,10:48,Brooklyn,11210.0,40.636387,-73.94611,1.0,1.0,0,0,0,0,1,1,Traffic Control Disregarded,Unspecified,3855433,Sedan,Sedan
03/19/2018,5:05,Bronx,10457.0,40.851845,-73.893036,1.0,1.0,1,1,0,0,0,0,Aggressive Driving/Road Rage,Unspecified,3869405,Station Wagon/Sport Utility Vehicle,Sedan
02/14/2018,14:16,Queens,11377.0,40.745888,-73.907265,1.0,1.0,0,1,0,0,1,0,Failure to Yield Right-of-Way,Unspecified,3846034,Station Wagon/Sport Utility Vehicle,Station Wagon/Sport Utility Vehicle
02/03/2018,2:53,Bronx,10467.0,40.87151,-73.87057,3.0,1.0,0,0,0,0,3,1,Alcohol Involvement,Unspecified,3839520,Station Wagon/Sport Utility Vehicle,Sedan
01/15/2018,16:49,Queens,11367.0,40.72971,-73.82451,2.0,1.0,0,0,0,0,2,1,Failure to Yield Right-of-Way,Unspecified,3829376,Sedan,Station Wagon/Sport Utility Vehicle
01/25/2018,9:53,Bronx,10466.0,40.885086,-73.85194,1.0,1.0,0,0,0,0,1,1,Illnes,Unspecified,3835579,Sedan,Station Wagon/Sport Utility Vehicle
12/17/2017,14:30,Brooklyn,11228.0,40.61956,-74.01537,2.0,1.0,0,0,0,0,2,1,Failure to Yield Right-of-Way,Other Vehicular,3811745,Sedan,Sedan
11/26/2017,1:45,Brooklyn,11217.0,40.68714,-73.98124,1.0,1.0,0,1,0,0,1,0,Passenger Distraction,Unspecified,3798385,Station Wagon/Sport Utility Vehicle,Sedan
12/03/2017,4:40,Queens,11419.0,40.689022,-73.81697,4.0,1.0,4,1,0,0,0,0,Unsafe Speed,,3801914,Sedan,
11/25/2017,17:42,Brooklyn,11215.0,40.660225,-73.99459,1.0,1.0,0,0,0,0,1,1,Unsafe Speed,Driver Inattention/Distraction,3798533,Motorbike,Sedan
11/02/2017,17:37,Queens,11005.0,40.75628,-73.7211,2.0,1.0,0,0,0,0,2,1,Driver Inattention/Distraction,Unspecified,3782819,Station Wagon/Sport Utility Vehicle,Station Wagon/Sport Utility Vehicle
10/31/2017,15:08,Manhattan,10014.0,40.729046,-74.01073,12.0,8.0,7,6,1,2,4,0,Other Vehicular,Unspecified,3782508,Flat Bed,Bus
09/22/2017,23:34,Manhattan,10040.0,40.853115,-73.927246,1.0,1.0,0,0,0,0,1,1,Alcohol Involvement,Driver Inattention/Distraction,3756403,Station Wagon/Sport Utility Vehicle,Station Wagon/Sport Utility Vehicle
10/06/2017,6:57,Staten Island,10309.0,40.545456,-74.23052,3.0,1.0,0,0,0,0,3,1,Driver Inattention/Distraction,Unspecified,3764510,Station Wagon/Sport Utility Vehicle,Bus
09/10/2017,9:06,Brooklyn,11218.0,40.641953,-73.9885,3.0,1.0,0,0,3,1,0,0,Alcohol Involvement,Unspecified,3747815,Bike,Station Wagon/Sport Utility Vehicle
09/03/2017,3:45,Brooklyn,11213.0,40.669098,-73.93666,1.0,1.0,0,1,0,0,1,0,Alcohol Involvement,,3744710,Sedan,
09/18/2017,6:17,Queens,11354.0,40.762978,-73.83198,15.0,4.0,3,2,0,0,12,2,Unsafe Speed,Unspecified,3752786,Bus,Bus
07/29/2017,15:21,Manhattan,10002.0,40.715553,-73.98976,1.0,1.0,0,1,1,0,0,0,Unspecified,,3720702,Bike,
07/19/2017,2:07,Manhattan,10016.0,40.745724,-73.97813,3.0,1.0,0,0,0,0,3,1,Alcohol Involvement,Unspecified,3714277,Sedan,Sedan
06/17/2017,0:55,Queens,11423.0,40.71184,-73.75409,1.0,2.0,0,0,0,0,1,2,Unsafe Speed,,3692535,Sedan,
06/24/2017,5:55,Queens,11101.0,40.746033,-73.93441,1.0,1.0,0,0,0,0,1,1,Traffic Control Disregarded,Unspecified,3697906,Tractor Truck Diesel,Sedan
05/18/2017,11:54,Manhattan,10036.0,40.756035,-73.98695,27.0,1.0,27,1,0,0,0,0,Drugs (illegal),,3673559,Sedan,
04/29/2017,10:02,Bronx,10454.0,40.806164,-73.909134,3.0,1.0,0,0,0,0,3,1,Unspecified,Unspecified,3659456,Garbage or Refuse,Sedan
04/13/2017,3:02,Bronx,10465.0,40.87831,-73.870155,1.0,1.0,0,0,0,0,1,1,Driver Inattention/Distraction,,3650467,Sedan,
04/08/2017,20:35,Brooklyn,11212.0,40.67066,-73.904205,7.0,1.0,0,0,0,0,7,1,Unsafe Speed,Unspecified,3648680,Sedan,Sedan
04/09/2017,14:00,Staten Island,10301.0,40.611286,-74.108734,5.0,1.0,0,0,0,0,5,1,Driver Inattention/Distraction,Unspecified,3649309,Sedan,Sedan
03/01/2017,16:45,Queens,11106.0,40.758125,-73.928505,2.0,1.0,0,0,0,0,2,1,Unsafe Lane Changing,Unspecified,3624204,Sedan,Sedan
03/16/2017,19:08,Bronx,10472.0,40.82842,-73.86068,2.0,1.0,2,1,0,0,0,0,Drugs (illegal),Unspecified,3633364,AMBULANCE,Station Wagon/Sport Utility Vehicle
01/01/2017,3:17,Brooklyn,11204.0,40.608494,-73.97593,2.0,1.0,0,0,0,0,2,1,Failure to Yield Right-of-Way,Unsafe Speed,3590036,Sedan,Station Wagon/Sport Utility Vehicle
01/01/2017,5:08,Brooklyn,11208.0,40.677498,-73.87149,2.0,1.0,0,1,0,0,2,0,Unsafe Speed,,3590038,Sedan,
01/09/2017,17:20,Brooklyn,11236.0,40.651157,-73.918144,3.0,1.0,0,1,0,0,3,0,Unsafe Speed,Unspecified,3595430,Station Wagon/Sport Utility Vehicle,Station Wagon/Sport Utility Vehicle
12/04/2016,2:13,Brooklyn,11218.0,40.641396,-73.98908,1.0,1.0,0,0,0,0,1,1,Traffic Control Disregarded,Unspecified,3572530,Motorcycle,Station Wagon/Sport Utility Vehicle
11/08/2016,22:16,Manhattan,10029.0,40.799984,-73.944855,1.0,1.0,0,1,0,0,1,0,Pedestrian/Bicyclist/Other Pedestrian Error/Confusion,Unspecified,3558813,Motorcycle,Sedan
11/08/2016,16:00,Bronx,10454.0,40.809105,-73.9229,1.0,1.0,0,1,0,0,1,0,Unsafe Speed,,3557906,Sedan,
10/21/2016,17:30,Manhattan,10004.0,40.702663,-74.012886,1.0,1.0,0,1,0,0,1,0,Failure to Yield Right-of-Way,,3546475,Bus,
09/11/2016,4:23,Queens,11420.0,40.679005,-73.819595,7.0,1.0,0,0,0,0,7,1,Traffic Control Disregarded,Unspecified,3517077,Sedan,Sedan
08/31/2016,14:08,Queens,11106.0,40.761597,-73.9246,1.0,1.0,1,1,0,0,0,0,Driver Inattention/Distraction,,3511634,Station Wagon/Sport Utility Vehicle,
08/14/2016,7:19,Queens,11429.0,40.703434,-73.74051,1.0,1.0,0,1,0,0,1,0,Unspecified,,3500509,Station Wagon/Sport Utility Vehicle,
07/17/2016,17:06,Queens,11420.0,40.679523,-73.81077,4.0,1.0,0,0,0,0,4,1,Traffic Control Disregarded,Unspecified,3484920,Station Wagon/Sport Utility Vehicle,Taxi
07/07/2016,13:00,Queens,11411.0,40.69377,-73.73578,1.0,1.0,1,0,0,0,0,1,Unsafe Speed,Unspecified,3476445,Station Wagon/Sport Utility Vehicle,4 dr sedan
06/10/2016,21:59,Brooklyn,11207.0,40.66447,-73.89593,1.0,1.0,0,0,0,0,1,1,Drugs (illegal),Unspecified,4022964,Station Wagon/Sport Utility Vehicle,Station Wagon/Sport Utility Vehicle
06/19/2016,4:56,Bronx,10469.0,40.881744,-73.85706,6.0,1.0,0,0,0,0,6,1,Unsafe Speed,Passenger Distraction,3464286,4 dr sedan,Station Wagon/Sport Utility Vehicle
06/06/2016,16:30,Manhattan,10018.0,40.754707,-73.99164,1.0,1.0,0,1,0,0,1,0,Failure to Yield Right-of-Way,,3458279,Station Wagon/Sport Utility Vehicle,
05/24/2016,4:56,Brooklyn,11235.0,40.58036,-73.96761,1.0,1.0,0,0,0,0,1,1,Unsafe Speed,,3449637,4 dr sedan,
05/14/2016,13:39,Staten Island,10307.0,40.506187,-74.2349,1.0,1.0,0,0,0,0,1,1,Unsafe Speed,Driver Inattention/Distraction,3443656,Motorcycle,Station Wagon/Sport Utility Vehicle
05/29/2016,14:16,Queens,11372.0,40.754612,-73.87667,1.0,1.0,0,0,0,0,1,1,Unsafe Speed,Unspecified,3452524,4 dr sedan,Station Wagon/Sport Utility Vehicle
05/01/2016,12:46,Brooklyn,11236.0,40.63851,-73.8999,2.0,1.0,0,0,0,0,0,0,Driver Inattention/Distraction,Aggressive Driving/Road Rage,3434861,,
05/09/2016,21:53,Brooklyn,11229.0,40.610096,-73.96138,2.0,1.0,0,0,0,0,0,0,Drugs (illegal),Driver Inattention/Distraction,3440035,,
04/04/2016,9:00,Brooklyn,11232.0,40.661827,-73.9966,1.0,1.0,0,1,0,0,1,0,Passing Too Closely,Unspecified,3418063,PK,Station Wagon/Sport Utility Vehicle
02/05/2016,18:34,Brooklyn,11213.0,40.6775631,-73.9330796,2.0,1.0,1,1,0,0,1,0,Traffic Control Disregarded,Unspecified,3384726,BUS,PASSENGER VEHICLE
02/10/2016,12:16,Queens,11385.0,40.6966689,-73.8868099,1.0,1.0,0,0,0,0,1,1,Traffic Control Disregarded,,3386957,PASSENGER VEHICLE,
01/16/2016,11:43,Staten Island,10312.0,40.5266411,-74.1681321,1.0,1.0,0,0,0,0,1,1,Unspecified,Unspecified,3372149,MOTORCYCLE,SPORT UTILITY / STATION WAGON
01/04/2016,5:20,Bronx,10466.0,40.8838608,-73.8558854,1.0,1.0,0,0,0,0,1,1,Traffic Control Disregarded,Unspecified,3364673,PASSENGER VEHICLE,SPORT UTILITY / STATION WAGON
01/14/2016,17:46,Manhattan,10025.0,40.7940523,-73.9703673,1.0,1.0,0,1,0,0,1,0,Unspecified,,3370539,MOTORCYCLE,
01/10/2016,4:18,Brooklyn,11233.0,40.6763431,-73.910927,1.0,1.0,0,1,0,0,1,0,Passenger Distraction,Unspecified,3368184,SPORT UTILITY / STATION WAGON,UNKNOWN
12/23/2015,5:58,Brooklyn,11211.0,40.7172094,-73.9347028,1.0,1.0,0,0,0,0,1,1,Traffic Control Disregarded,Unspecified,3358963,PASSENGER VEHICLE,LARGE COM VEH(6 OR MORE TIRES)
11/26/2015,19:13,Brooklyn,11207.0,40.6569792,-73.8894182,10.0,1.0,0,1,0,0,10,0,Traffic Control Disregarded,Unspecified,3342474,PASSENGER VEHICLE,SPORT UTILITY / STATION WAGON
12/14/2015,17:55,Brooklyn,11235.0,40.5881722,-73.9524529,1.0,1.0,0,1,0,0,1,0,Failure to Yield Right-of-Way,,3352670,BUS,
12/01/2015,18:14,Brooklyn,11235.0,40.5839003,-73.9387393,1.0,1.0,0,0,0,0,1,1,Failure to Yield Right-of-Way,Traffic Control Disregarded,3344557,PASSENGER VEHICLE,PASSENGER VEHICLE
12/06/2015,22:31,Queens,11377.0,40.7354867,-73.9174657,1.0,1.0,0,0,0,0,1,1,Traffic Control Disregarded,Unspecified,3348620,PASSENGER VEHICLE,TAXI
12/06/2015,17:25,Brooklyn,11217.0,40.6863108,-73.9744391,2.0,1.0,2,1,0,0,0,0,Unsafe Speed,,3348512,SPORT UTILITY / STATION WAGON,
12/01/2015,23:41,Bronx,10475.0,40.8853043,-73.8295323,2.0,1.0,0,1,0,0,2,0,Passenger Distraction,,3345259,PASSENGER VEHICLE,
11/09/2015,11:15,Staten Island,10305.0,40.5958903,-74.0858762,3.0,1.0,0,0,0,0,3,1,Physical Disability,Unspecified,3331427,PASSENGER VEHICLE,PASSENGER VEHICLE
10/14/2015,3:20,Bronx,10474.0,40.822533,-73.8850856,1.0,1.0,0,0,0,0,1,1,Traffic Control Disregarded,,3314885,PASSENGER VEHICLE,
10/13/2015,13:15,Bronx,10475.0,40.8799484,-73.8233768,1.0,1.0,0,0,0,0,1,1,Unspecified,,3314919,PASSENGER VEHICLE,
10/06/2015,17:33,Queens,11419.0,40.6913591,-73.8375359,4.0,1.0,2,1,0,0,2,0,Physical Disability,Unspecified,3310129,SPORT UTILITY / STATION WAGON,PASSENGER VEHICLE
09/12/2015,1:51,Bronx,10462.0,40.8349018,-73.8399571,1.0,1.0,0,0,0,0,1,1,Traffic Control Disregarded,,3295640,MOTORCYCLE,
09/14/2015,17:18,Staten Island,10308.0,40.5512542,-74.1345595,1.0,1.0,0,0,1,1,0,0,Tow Hitch Defective,Unspecified,3297268,PICK-UP TRUCK,BICYCLE
08/10/2015,16:24,Manhattan,10017.0,40.7542505,-73.9689773,3.0,1.0,2,1,0,0,1,0,Traffic Control Disregarded,,3274584,PASSENGER VEHICLE,
08/05/2015,18:58,Bronx,10452.0,40.8401761,-73.9252686,1.0,1.0,0,0,1,1,0,0,Other Vehicular,Physical Disability,3272321,SPORT UTILITY / STATION WAGON,BICYCLE
07/19/2015,18:11,Queens,11411.0,40.6889363,-73.7322397,3.0,1.0,0,0,0,0,3,1,Physical Disability,Unspecified,3261921,SPORT UTILITY / STATION WAGON,PASSENGER VEHICLE
08/08/2015,0:17,Queens,11434.0,40.6670514,-73.7741023,2.0,1.0,0,0,0,0,2,1,Traffic Control Disregarded,Unspecified,3274305,SPORT UTILITY / STATION WAGON,SPORT UTILITY / STATION WAGON
07/13/2015,7:05,Brooklyn,11217.0,40.6831278,-73.9791852,6.0,1.0,0,0,0,1,6,0,Following Too Closely,Unspecified,3257329,PASSENGER VEHICLE,PASSENGER VEHICLE
07/01/2015,18:06,Queens,11364.0,40.7445094,-73.7660986,3.0,3.0,0,0,0,0,3,3,Traffic Control Disregarded,Unspecified,3251308,SPORT UTILITY / STATION WAGON,PASSENGER VEHICLE
06/29/2015,4:25,Manhattan,10032.0,40.8334884,-73.9415775,1.0,1.0,0,0,0,0,1,1,Physical Disability,Unspecified,3248839,PASSENGER VEHICLE,PASSENGER VEHICLE
07/01/2015,10:26,Brooklyn,11207.0,40.6541418,-73.8873109,6.0,1.0,1,1,0,0,5,0,Driver Inattention/Distraction,Unspecified,3250441,PASSENGER VEHICLE,PASSENGER VEHICLE
06/28/2015,4:35,Bronx,10463.0,40.8772207,-73.9090451,10.0,1.0,0,0,0,0,10,1,Traffic Control Disregarded,Driver Inattention/Distraction,3248243,PASSENGER VEHICLE,PASSENGER VEHICLE
05/25/2015,1:15,Brooklyn,11239.0,40.6528929,-73.8667311,2.0,1.0,0,0,0,0,2,1,Traffic Control Disregarded,,3227141,PASSENGER VEHICLE,
05/26/2015,7:17,Queens,11420.0,40.6663322,-73.8105512,7.0,1.0,0,0,0,0,7,1,Unspecified,Unspecified,3227905,PASSENGER VEHICLE,SPORT UTILITY / STATION WAGON
06/02/2015,3:53,Brooklyn,11216.0,40.6717897,-73.9531035,1.0,1.0,0,0,0,0,1,1,Traffic Control Disregarded,Unspecified,3232428,PASSENGER VEHICLE,PASSENGER VEHICLE
06/03/2015,21:30,Brooklyn,11236.0,40.6420041,-73.8988296,2.0,1.0,0,0,0,0,2,1,Traffic Control Disregarded,Driver Inattention/Distraction,3233691,MOTORCYCLE,PASSENGER VEHICLE
05/25/2015,1:15,Brooklyn,11239.0,40.6528929,-73.8667311,2.0,1.0,0,0,0,0,2,1,Traffic Control Disregarded,,3227142,PASSENGER VEHICLE,
06/04/2015,17:32,Bronx,10461.0,40.853251,-73.8272179,2.0,1.0,0,0,0,0,2,1,Backing Unsafely,,3234227,SPORT UTILITY / STATION WAGON,
05/12/2015,12:22,Bronx,10453.0,40.8476821,-73.9123638,1.0,1.0,0,0,0,0,1,1,Driver Inexperience,Prescription Medication,3219055,MOTORCYCLE,SPORT UTILITY / STATION WAGON
05/17/2015,23:40,Bronx,10456.0,40.8378635,-73.9113938,2.0,1.0,0,1,0,0,2,0,Passenger Distraction,,3222927,SCOOTER,
05/10/2015,22:50,Staten Island,10308.0,40.5464206,-74.1414043,1.0,1.0,0,0,0,0,1,1,Physical Disability,Unspecified,3218830,SPORT UTILITY / STATION WAGON,SPORT UTILITY / STATION WAGON
05/04/2015,19:07,Brooklyn,11236.0,40.6420041,-73.8988296,1.0,1.0,0,0,0,0,1,1,Unspecified,Unspecified,3214283,PASSENGER VEHICLE,MOTORCYCLE
04/26/2015,5:48,Brooklyn,11206.0,40.699405,-73.953369,2.0,1.0,0,0,0,0,2,1,Physical Disability,Unspecified,3209477,TAXI,SMALL COM VEH(4 TIRES) 
04/02/2015,12:45,Manhattan,10027.0,40.8131597,-73.9503486,2.0,1.0,0,0,0,0,2,1,Following Too Closely,Driver Inattention/Distraction,3196270,SPORT UTILITY / STATION WAGON,PASSENGER VEHICLE
04/18/2015,1:55,Bronx,10469.0,40.8814391,-73.8487484,3.0,1.0,0,0,0,0,3,1,Physical Disability,Unspecified,3204578,PASSENGER VEHICLE,PASSENGER VEHICLE
03/02/2015,16:45,Staten Island,10304.0,40.5903776,-74.1068782,1.0,1.0,0,0,0,0,1,1,Driver Inattention/Distraction,,3178808,PASSENGER VEHICLE,
03/20/2015,18:34,Bronx,10456,40.8387216,-73.9137706,1.0,2.0,1,2,0,0,0,0,Following Too Closely,Unspecified,3189701,TAXI,SPORT UTILITY / STATION WAGON
03/09/2015,0:06,Brooklyn,11216,40.6716376,-73.950335,4.0,1.0,0,1,0,0,4,0,Traffic Control Disregarded,Unspecified,3183233,PASSENGER VEHICLE,SPORT UTILITY / STATION WAGON
02/11/2015,18:44,Manhattan,10001,40.7544905,-74.0067388,1.0,1.0,0,0,0,0,1,1,Unspecified,Unspecified,3167432,PASSENGER VEHICLE,PASSENGER VEHICLE
01/05/2015,22:35,Brooklyn,11218,40.6413948,-73.9890784,1.0,1.0,1,1,0,0,0,0,Driver Inattention/Distraction,,3148157,SPORT UTILITY / STATION WAGON,
12/22/2014,23:12,Staten Island,10312,40.5239976,-74.1860995,3.0,1.0,0,0,0,0,3,1,Traffic Control Disregarded,Unspecified,3142248,SPORT UTILITY / STATION WAGON,SPORT UTILITY / STATION WAGON
01/04/2015,17:04,Bronx,10466,40.8847353,-73.8404411,1.0,1.0,1,1,0,0,0,0,Unspecified,Unspecified,3147083,PASSENGER VEHICLE,UNKNOWN
01/03/2015,19:15,Manhattan,10065,40.7641063,-73.966814,1.0,1.0,1,1,0,0,0,0,Unspecified,,3147008,SPORT UTILITY / STATION WAGON,
01/14/2015,23:22,Queens,11694,40.5817949,-73.8492866,3.0,1.0,0,0,0,0,3,1,Traffic Control Disregarded,Unspecified,3153446,PASSENGER VEHICLE,PASSENGER VEHICLE
01/05/2015,9:28,Brooklyn,11218,40.6361331,-73.9727361,1.0,1.0,0,0,0,0,1,1,Driver Inattention/Distraction,Unspecified,3147585,SPORT UTILITY / STATION WAGON,SPORT UTILITY / STATION WAGON
12/13/2014,18:45,Queens,11416,40.6881494,-73.8488335,8.0,1.0,0,0,0,0,8,1,Unspecified,Unspecified,3136738,PASSENGER VEHICLE,PASSENGER VEHICLE
12/02/2014,20:57,Brooklyn,11204,40.6220219,-73.9872553,1.0,1.0,1,1,0,0,0,0,Driver Inattention/Distraction,,3129967,SPORT UTILITY / STATION WAGON,
11/06/2014,8:02,Brooklyn,11236,40.636228,-73.8859432,3.0,1.0,0,0,0,0,3,1,Alcohol Involvement,Unspecified,2819540,PASSENGER VEHICLE,PASSENGER VEHICLE
11/08/2014,17:15,Queens,11004,40.7367512,-73.7110283,1.0,1.0,1,1,0,0,0,0,Unspecified,,2821256,VAN,
10/24/2014,14:46,Bronx,10468,40.869274,-73.9013438,9.0,1.0,9,1,0,0,0,0,Backing Unsafely,Backing Unsafely,2813084,PASSENGER VEHICLE,SPORT UTILITY / STATION WAGON
09/18/2014,22:43,Queens,11413,40.6670937,-73.7637567,1.0,2.0,0,0,0,0,1,2,Traffic Control Disregarded,,1026895,PASSENGER VEHICLE,
09/16/2014,19:15,Bronx,10461,40.854677,-73.8436509,1.0,1.0,0,0,0,0,1,1,Unspecified,Unspecified,1024896,MOTORCYCLE,OTHER
09/23/2014,7:09,Bronx,10470,40.8952213,-73.8800407,1.0,1.0,0,0,0,0,1,1,Traffic Control Disregarded,Unspecified,1029736,PASSENGER VEHICLE,PASSENGER VEHICLE
08/17/2014,4:14,Brooklyn,11213,40.6691002,-73.9366568,2.0,1.0,0,0,0,0,2,1,Alcohol Involvement,Alcohol Involvement,1009830,PASSENGER VEHICLE,PASSENGER VEHICLE
08/29/2014,14:03,Manhattan,10075,40.7763189,-73.962125,1.0,1.0,0,1,0,0,1,0,Driver Inattention/Distraction,Other Vehicular,1015409,TAXI,PASSENGER VEHICLE
08/28/2014,6:48,Manhattan,10002,40.7100939,-73.9897886,2.0,1.0,2,1,0,0,0,0,Passenger Distraction,,1014834,PASSENGER VEHICLE,
07/02/2014,16:42,Brooklyn,11234,40.6244417,-73.9303914,2.0,1.0,2,1,0,0,0,0,Traffic Control Disregarded,Unspecified,360935,SPORT UTILITY / STATION WAGON,SPORT UTILITY / STATION WAGON
07/18/2014,15:46,Queens,11385,40.7076601,-73.9134352,1.0,1.0,0,0,0,0,1,1,Unspecified,Unspecified,995134,PASSENGER VEHICLE,MOTORCYCLE
07/09/2014,1:35,Brooklyn,11203,40.642134,-73.9293532,2.0,1.0,0,0,0,0,2,1,Unspecified,Unspecified,363216,PASSENGER VEHICLE,OTHER
07/25/2014,9:41,Manhattan,10128,40.7858664,-73.9509287,2.0,1.0,0,0,0,0,2,1,Driver Inattention/Distraction,Driver Inattention/Distraction,998342,MOTORCYCLE,AMBULANCE
07/05/2014,4:38,Queens,11372,40.7486146,-73.8746312,2.0,1.0,0,1,0,0,2,0,Alcohol Involvement,Unspecified,362605,PASSENGER VEHICLE,PASSENGER VEHICLE
07/27/2014,16:45,Queens,11106,40.7613564,-73.9353886,6.0,1.0,1,0,0,0,5,1,Fell Asleep,,999636,PASSENGER VEHICLE,
06/09/2014,13:43,Staten Island,10308,40.5438696,-74.1444428,1.0,1.0,1,1,0,0,0,0,Driver Inattention/Distraction,,349051,PASSENGER VEHICLE,
05/25/2014,3:33,Brooklyn,11230,40.6094167,-73.9676868,2.0,1.0,0,0,0,0,2,1,Unspecified,,340893,PASSENGER VEHICLE,
05/19/2014,18:37,Brooklyn,11234,40.6098096,-73.9224976,2.0,2.0,0,0,0,0,2,2,Unspecified,Unspecified,338667,PASSENGER VEHICLE,SPORT UTILITY / STATION WAGON
05/04/2014,5:11,Brooklyn,11236,40.6320498,-73.8968596,7.0,1.0,0,0,0,0,7,1,Driver Inattention/Distraction,Unspecified,329938,SPORT UTILITY / STATION WAGON,SPORT UTILITY / STATION WAGON
05/08/2014,15:26,Manhattan,10128,40.7823164,-73.9485012,1.0,1.0,0,1,0,0,1,0,Unspecified,,331917,BUS,
04/26/2014,15:00,Brooklyn,11235,40.5770881,-73.9509957,2.0,1.0,2,0,0,0,0,1,Lost Consciousness,Unspecified,325705,PASSENGER VEHICLE,MOTORCYCLE
04/08/2014,4:47,Brooklyn,11236,40.6417288,-73.9076365,1.0,1.0,0,0,0,0,1,1,Alcohol Involvement,Traffic Control Disregarded,317135,PASSENGER VEHICLE,PASSENGER VEHICLE
04/30/2014,14:30,Manhattan,10001,40.7491025,-73.9920058,1.0,1.0,1,1,0,0,0,0,Unspecified,,327587,SPORT UTILITY / STATION WAGON,
04/28/2014,23:20,Bronx,10469,40.8586838,-73.8473975,1.0,1.0,0,0,0,0,1,1,Unspecified,Unspecified,328249,PASSENGER VEHICLE,SPORT UTILITY / STATION WAGON
04/03/2014,15:36,Bronx,10473,40.8229893,-73.8678032,1.0,1.0,1,1,0,0,0,0,Failure to Yield Right-of-Way,Unspecified,314564,PASSENGER VEHICLE,PASSENGER VEHICLE
03/09/2014,15:42,Brooklyn,11222,40.7337398,-73.9548424,2.0,1.0,0,0,0,0,2,1,Traffic Control Disregarded,Unspecified,201027,MOTORCYCLE,PASSENGER VEHICLE
03/23/2014,8:05,Brooklyn,11233,40.6746537,-73.9091555,2.0,1.0,0,0,0,0,2,1,Alcohol Involvement,,309855,PASSENGER VEHICLE,
04/04/2014,22:35,Queens,11105,40.7792798,-73.9008742,1.0,4.0,0,0,0,0,1,4,Driver Inexperience,,316814,PASSENGER VEHICLE,
03/05/2014,17:00,Queens,11418,40.6966162,-73.8162064,2.0,1.0,0,0,0,0,2,1,Turning Improperly,Unspecified,208670,PASSENGER VEHICLE,PASSENGER VEHICLE
02/23/2014,9:09,Brooklyn,11213,40.6667263,-73.9424445,2.0,1.0,0,1,0,0,2,0,Failure to Yield Right-of-Way,,155720,LARGE COM VEH(6 OR MORE TIRES),
01/10/2014,19:16,Staten Island,10306,40.5758147,-74.1197852,2.0,1.0,0,0,0,0,2,1,Unspecified,Unspecified,300664,PASSENGER VEHICLE,PASSENGER VEHICLE
01/12/2014,14:56,Brooklyn,11216,40.6789568,-73.954126,2.0,1.0,0,0,0,0,2,1,Unspecified,Unspecified,182331,SPORT UTILITY / STATION WAGON,PASSENGER VEHICLE
01/10/2014,20:48,Manhattan,10025,40.7959275,-73.9727176,1.0,1.0,1,1,0,0,0,0,Failure to Yield Right-of-Way,,59451,TAXI,
12/21/2013,16:07,Bronx,10461,40.8541998,-73.8544097,1.0,1.0,0,0,0,0,1,1,Traffic Control Disregarded,Unspecified,106348,MOTORCYCLE,PASSENGER VEHICLE
12/14/2013,5:05,Staten Island,10304,40.5952985,-74.1103789,2.0,1.0,0,0,0,0,2,1,Traffic Control Disregarded,Unspecified,300410,PASSENGER VEHICLE,OTHER
12/27/2013,17:40,Staten Island,10306,40.5647067,-74.1272083,1.0,1.0,0,1,0,0,1,0,Unspecified,,300548,SPORT UTILITY / STATION WAGON,
12/31/2013,14:42,Queens,11358,40.7672226,-73.7936144,1.0,1.0,0,0,0,0,1,1,Traffic Control Disregarded,Physical Disability,253861,PASSENGER VEHICLE,PASSENGER VEHICLE
11/30/2013,19:56,Brooklyn,11235,40.5888878,-73.9656409,8.0,1.0,0,0,0,0,8,1,Unspecified,Unspecified,115843,SPORT UTILITY / STATION WAGON,SPORT UTILITY / STATION WAGON
11/26/2013,6:19,Queens,11434,40.6596509,-73.7738282,1.0,1.0,0,1,0,0,1,0,Unspecified,,226425,SPORT UTILITY / STATION WAGON,
11/11/2013,12:50,Manhattan,10029,40.79037,-73.9497662,3.0,1.0,0,1,0,0,3,0,Failure to Yield Right-of-Way,Failure to Yield Right-of-Way,57151,VAN,PASSENGER VEHICLE
11/27/2013,17:13,Manhattan,10009,40.7297989,-73.9748013,2.0,1.0,0,1,0,0,2,0,Unspecified,,25414,LARGE COM VEH(6 OR MORE TIRES),
11/30/2013,1:25,Queens,11414,40.6598458,-73.835205,2.0,1.0,0,0,0,0,2,1,Alcohol Involvement,Unspecified,232273,PASSENGER VEHICLE,PASSENGER VEHICLE
11/11/2013,7:26,Queens,11373,40.7369781,-73.8784023,1.0,2.0,0,2,0,0,1,0,Traffic Control Disregarded,Unspecified,258480,PASSENGER VEHICLE,PASSENGER VEHICLE
11/05/2013,11:05,Bronx,10454,40.8080059,-73.9143306,2.0,1.0,0,1,0,0,2,0,Failure to Yield Right-of-Way,,75471,SPORT UTILITY / STATION WAGON,
11/05/2013,1:29,Manhattan,10023,40.7742266,-73.9811136,1.0,1.0,0,0,0,0,1,1,Unspecified,Unspecified,54765,LARGE COM VEH(6 OR MORE TIRES),UNKNOWN
11/02/2013,12:48,Brooklyn,11205,40.6895074,-73.9701325,3.0,1.0,3,1,0,0,0,0,Failure to Yield Right-of-Way,Unspecified,193395,SPORT UTILITY / STATION WAGON,PASSENGER VEHICLE
10/20/2013,22:15,Brooklyn,11206,40.6957047,-73.9463647,2.0,1.0,0,0,0,0,2,1,Traffic Control Disregarded,Unspecified,181929,PASSENGER VEHICLE,VAN
10/22/2013,4:30,Brooklyn,11236,40.640239,-73.9194608,1.0,1.0,0,0,0,0,1,1,Traffic Control Disregarded,Other Vehicular,128796,PASSENGER VEHICLE,PASSENGER VEHICLE
09/14/2013,16:28,Queens,11105,40.782856,-73.9107303,1.0,2.0,0,0,0,0,1,2,Unspecified,Unspecified,277406,MOTORCYCLE,SPORT UTILITY / STATION WAGON
09/15/2013,12:39,Brooklyn,11212,40.6553118,-73.9031775,3.0,1.0,0,0,0,0,3,1,Unspecified,Unspecified,162449,PASSENGER VEHICLE,PASSENGER VEHICLE
08/15/2013,21:10,Brooklyn,11222,40.7351589,-73.9550724,1.0,1.0,0,0,0,0,1,1,Failure to Yield Right-of-Way,Unspecified,200087,PASSENGER VEHICLE,MOTORCYCLE
08/16/2013,4:32,Queens,11385,40.7068736,-73.8591426,1.0,1.0,0,0,0,0,1,1,Unspecified,Unspecified,217328,MOTORCYCLE,PASSENGER VEHICLE
08/14/2013,20:31,Brooklyn,11207,40.6818006,-73.8897736,3.0,1.0,3,0,0,0,0,1,Traffic Control Disregarded,Unspecified,168269,MOTORCYCLE,PASSENGER VEHICLE
08/15/2013,17:05,Brooklyn,11224,40.5741231,-74.0040784,1.0,1.0,0,0,0,0,1,1,Traffic Control Disregarded,,115384,SPORT UTILITY / STATION WAGON,
08/24/2013,3:00,Queens,11691,40.5933206,-73.7727134,1.0,2.0,0,0,0,0,1,2,Traffic Control Disregarded,Unspecified,203203,PASSENGER VEHICLE,PASSENGER VEHICLE
08/24/2013,17:00,Brooklyn,11203,40.6494525,-73.9407657,1.0,1.0,0,0,0,0,1,1,Unspecified,Unspecified,138945,PASSENGER VEHICLE,PASSENGER VEHICLE
08/15/2013,2:03,Brooklyn,11224,40.5764221,-73.9697655,1.0,1.0,0,0,0,0,1,1,Traffic Control Disregarded,,115380,SPORT UTILITY / STATION WAGON,
08/09/2013,20:26,Staten Island,10304,40.595951,-74.0958614,2.0,1.0,2,1,0,0,0,0,Unspecified,,299141,UNKNOWN,
07/30/2013,1:07,Queens,11364.0,40.7357781,-73.7465392,1.0,1.0,0,0,0,0,1,1,Physical Disability,Unspecified,262382,MOTORCYCLE,BUS
07/07/2013,2:44,Brooklyn,11230.0,40.6241708,-73.9704715,2.0,1.0,0,0,0,0,2,1,Traffic Control Disregarded,,132900,PASSENGER VEHICLE,
06/24/2013,16:27,Bronx,10466.0,40.8968966,-73.8441665,1.0,1.0,1,1,0,0,0,0,Unspecified,Unspecified,97798,PASSENGER VEHICLE,SPORT UTILITY / STATION WAGON
07/07/2013,19:38,Queens,11364.0,40.7533324,-73.7681322,1.0,1.0,0,0,0,0,1,1,Physical Disability,Unspecified,262199,PASSENGER VEHICLE,PASSENGER VEHICLE
06/04/2013,8:15,Manhattan,10025.0,40.7947356,-73.9698722,1.0,1.0,1,1,0,0,0,0,Aggressive Driving/Road Rage,Unspecified,58683,SPORT UTILITY / STATION WAGON,PASSENGER VEHICLE
06/11/2013,12:44,Bronx,10459.0,40.8196938,-73.9016016,2.0,1.0,2,0,0,0,0,1,Unspecified,Unspecified,74581,TAXI,PASSENGER VEHICLE
06/10/2013,23:47,Brooklyn,11238,40.670658,-73.9579745,1.0,1.0,0,1,0,0,1,0,Unspecified,,154210,PASSENGER VEHICLE,
05/17/2013,15:31,Bronx,10452,40.8409303,-73.912698,2.0,1.0,2,1,0,0,0,0,Following Too Closely,Unspecified,86954,SPORT UTILITY / STATION WAGON,PASSENGER VEHICLE
04/23/2013,11:51,Queens,11368,40.758973,-73.845074,2.0,1.0,2,1,0,0,0,0,Fatigued/Drowsy,Unspecified,257041,PASSENGER VEHICLE,PASSENGER VEHICLE
04/17/2013,15:51,Brooklyn,11236,40.641947,-73.9166193,1.0,1.0,0,1,0,0,1,0,Unspecified,,145973,SPORT UTILITY / STATION WAGON,
04/03/2013,19:35,Queens,11373,40.7449415,-73.8873378,1.0,1.0,0,1,0,0,1,0,Unspecified,,256924,BUS,
03/23/2013,17:19,Brooklyn,11235,40.5862603,-73.9489224,2.0,1.0,2,1,0,0,0,0,Physical Disability,,118561,PASSENGER VEHICLE,
02/23/2013,14:40,Brooklyn,11236,40.6385777,-73.9041314,2.0,1.0,0,0,0,0,2,1,Unspecified,Unspecified,145753,PASSENGER VEHICLE,PASSENGER VEHICLE
03/03/2013,0:08,Brooklyn,11213,40.6780095,-73.9413784,1.0,1.0,0,0,0,0,1,1,Unspecified,,180631,PASSENGER VEHICLE,
03/03/2013,0:05,Brooklyn,11249,40.7031587,-73.9658741,1.0,3.0,0,0,0,0,1,3,Traffic Control Disregarded,Unspecified,195451,PASSENGER VEHICLE,PASSENGER VEHICLE
02/21/2013,0:45,Queens,11101,40.7568762,-73.9443519,2.0,1.0,0,1,0,0,2,0,Unspecified,,275075,PASSENGER VEHICLE,
03/11/2013,10:57,Queens,11101,40.7451772,-73.9372593,4.0,1.0,4,1,0,0,0,0,Unspecified,,241411,SPORT UTILITY / STATION WAGON,
02/24/2013,1:48,Manhattan,10016,40.7413501,-73.9813106,1.0,1.0,0,1,0,0,1,0,Unspecified,Unspecified,23287,PASSENGER VEHICLE,TAXI
01/26/2013,15:20,Brooklyn,11204,40.6162611,-73.9930807,1.0,1.0,1,1,0,0,0,0,Unspecified,,122858,SPORT UTILITY / STATION WAGON,
02/06/2013,14:15,Manhattan,10031,40.8200975,-73.9550764,6.0,1.0,3,0,0,0,3,1,Failure to Yield Right-of-Way,Unspecified,65444,VAN,PASSENGER VEHICLE
02/01/2013,19:32,Staten Island,10306,40.5783776,-74.0940362,1.0,1.0,1,1,0,0,0,0,Failure to Yield Right-of-Way,,296394,SPORT UTILITY / STATION WAGON,
01/20/2013,2:00,Manhattan,10010,40.7407326,-73.9817618,1.0,1.0,0,1,0,0,1,0,Driver Inattention/Distraction,Unspecified,23074,SPORT UTILITY / STATION WAGON,TAXI
12/24/2012,18:39,Queens,11427,40.7312494,-73.7516764,1.0,1.0,0,0,0,0,1,1,Following Too Closely,,260716,PICK-UP TRUCK,
01/05/2013,13:02,Bronx,10460,40.8438293,-73.8879185,1.0,1.0,0,1,0,0,1,0,Unspecified,,100720,PASSENGER VEHICLE,
12/31/2012,18:14,Brooklyn,11226,40.6490386,-73.9474653,1.0,1.0,0,1,0,0,1,0,Alcohol Involvement,Unspecified,136731,SPORT UTILITY / STATION WAGON,PASSENGER VEHICLE
12/16/2012,4:45,Brooklyn,11203,40.6505183,-73.9235855,1.0,2.0,0,0,0,0,1,2,Unspecified,Unspecified,136573,SPORT UTILITY / STATION WAGON,SPORT UTILITY / STATION WAGON
12/28/2012,21:10,Brooklyn,11229,40.6033724,-73.9582113,1.0,1.0,0,0,0,0,1,1,Physical Disability,Unspecified,117798,PASSENGER VEHICLE,SPORT UTILITY / STATION WAGON
01/05/2013,2:08,Brooklyn,11223,40.5976825,-73.9668499,3.0,3.0,0,0,0,0,3,3,Traffic Control Disregarded,Unspecified,117875,PASSENGER VEHICLE,PASSENGER VEHICLE
11/20/2012,11:38,Queens,11414,40.6596447,-73.8486818,2.0,1.0,0,0,0,0,2,1,Failure to Yield Right-of-Way,Unspecified,229113,OTHER,SPORT UTILITY / STATION WAGON
11/18/2012,2:47,Queens,11411,40.6983571,-73.731358,1.0,1.0,0,0,0,0,1,1,Physical Disability,Alcohol Involvement,221299,PASSENGER VEHICLE,PASSENGER VEHICLE
11/25/2012,18:51,Brooklyn,11229,40.6130524,-73.949118,1.0,1.0,1,1,0,0,0,0,Alcohol Involvement,Unspecified,148544,OTHER,SPORT UTILITY / STATION WAGON
11/15/2012,5:27,Brooklyn,11211,40.7107162,-73.9535811,1.0,1.0,1,1,0,0,0,0,Unspecified,Unspecified,194770,PASSENGER VEHICLE,PASSENGER VEHICLE
11/14/2012,5:48,Brooklyn,11233,40.6769384,-73.9218247,1.0,1.0,0,0,0,0,1,1,Physical Disability,Failure to Yield Right-of-Way,160830,PASSENGER VEHICLE,PASSENGER VEHICLE
12/08/2012,14:25,Brooklyn,11223,40.6060431,-73.9782909,7.0,1.0,3,1,0,0,4,0,Driver Inattention/Distraction,Unspecified,122529,SPORT UTILITY / STATION WAGON,SPORT UTILITY / STATION WAGON
10/09/2012,20:29,Manhattan,10026,40.8011551,-73.9596475,1.0,1.0,0,0,0,0,1,1,Failure to Yield Right-of-Way,Unspecified,62376,PASSENGER VEHICLE,MOTORCYCLE
10/27/2012,18:30,Bronx,10452,40.8343235,-73.9199088,5.0,1.0,0,0,0,0,5,1,Driver Inexperience,Unspecified,85858,PASSENGER VEHICLE,MOTORCYCLE
09/17/2012,20:31,Brooklyn,11230,40.6268409,-73.9684781,2.0,1.0,0,0,0,0,2,1,Driver Inattention/Distraction,Driver Inattention/Distraction,130513,PASSENGER VEHICLE,PASSENGER VEHICLE
09/22/2012,22:31,Manhattan,10022,40.7629131,-73.9697999,2.0,1.0,1,1,0,0,1,0,Physical Disability,Unspecified,45850,PASSENGER VEHICLE,SPORT UTILITY / STATION WAGON
09/15/2012,21:50,Brooklyn,11249,40.7056343,-73.9650938,2.0,1.0,1,1,0,0,1,0,Backing Unsafely,,194327,SPORT UTILITY / STATION WAGON,
08/27/2012,19:05,Staten Island,10312,40.5342669,-74.1539735,2.0,2.0,0,0,0,0,2,2,Traffic Control Disregarded,Unspecified,293916,SPORT UTILITY / STATION WAGON,SPORT UTILITY / STATION WAGON
08/23/2012,13:22,Manhattan,10004,40.70495,-74.0115487,3.0,1.0,2,1,0,0,1,0,Driver Inattention/Distraction,,516,SPORT UTILITY / STATION WAGON,
08/21/2012,21:32,Bronx,10469,40.8675505,-73.8615031,3.0,1.0,0,0,0,0,3,1,Failure to Yield Right-of-Way,Unspecified,103051,PASSENGER VEHICLE,SPORT UTILITY / STATION WAGON
09/05/2012,23:54,Brooklyn,11225,40.656762,-73.9601349,3.0,1.0,0,1,0,0,3,0,Unspecified,Unspecified,152745,PASSENGER VEHICLE,PASSENGER VEHICLE
08/11/2012,12:18,Bronx,10474,40.8120773,-73.8868051,2.0,1.0,0,0,0,0,2,1,Unspecified,Unspecified,76398,PASSENGER VEHICLE,PASSENGER VEHICLE
08/08/2012,2:09,Brooklyn,11204,40.6187991,-73.9834881,3.0,1.0,0,0,0,0,3,1,Unspecified,Unspecified,130180,LARGE COM VEH(6 OR MORE TIRES),SPORT UTILITY / STATION WAGON
07/16/2012,23:17,Bronx,10467,40.8786453,-73.871598,2.0,1.0,0,0,0,0,2,1,Traffic Control Disregarded,Unspecified,95006,PASSENGER VEHICLE,SPORT UTILITY / STATION WAGON
07/22/2012,3:20,Queens,11418,40.6972045,-73.8133341,3.0,5.0,0,0,0,0,3,5,Traffic Control Disregarded,,208863,SPORT UTILITY / STATION WAGON,
07/12/2012,0:57,Bronx,10461,40.8430075,-73.8485467,1.0,1.0,0,0,0,0,1,1,Unspecified,,88620,PASSENGER VEHICLE,
07/14/2012,1:21,Bronx,10456,40.8387216,-73.9137706,2.0,1.0,1,1,0,0,1,0,Alcohol Involvement,Unspecified,85246,SPORT UTILITY / STATION WAGON,SPORT UTILITY / STATION WAGON
09/09/2022,18:30,Bronx,10462,40.85095,-73.86681,1.0,1.0,0,1,0,0,1,0,Driver Inattention/Distraction,,4562616,Station Wagon/Sport Utility Vehicle,
08/25/2022,5:16,Bronx,10451.0,40.827812,-73.925934,1.0,1.0,0,0,0,0,1,1,Unsafe Speed,Unspecified,4558356,Station Wagon/Sport Utility Vehicle,Station Wagon/Sport Utility Vehicle
05/28/2023,20:27,Brooklyn,11208.0,40.667507,-73.88007,15.0,1.0,0,0,0,0,15,1,Unsafe Speed,Other Vehicular,4633379,Sedan,Station Wagon/Sport Utility Vehicle
09/24/2022,2:35,Queens,11419.0,40.691284,-73.82547,1.0,1.0,1,1,0,0,0,0,Unspecified,Unspecified,4567693,Station Wagon/Sport Utility Vehicle,Station Wagon/Sport Utility Vehicle
06/03/2023,2:44,Brooklyn,11220.0,40.645348,-74.01375,1.0,1.0,0,0,0,0,1,1,Traffic Control Disregarded,Unspecified,4634351,Station Wagon/Sport Utility Vehicle,Motorcycle
06/04/2023,19:28,Manhattan,10010.0,40.737545,-73.98409,4.0,1.0,2,1,1,0,1,0,Alcohol Involvement,Unspecified,4634861,Sedan,Station Wagon/Sport Utility Vehicle
10/02/2022,12:23,Brooklyn,11228.0,40.615227,-74.01272,2.0,1.0,0,0,0,0,2,1,Failure to Yield Right-of-Way,Failure to Yield Right-of-Way,4569789,Station Wagon/Sport Utility Vehicle,Sedan
06/07/2023,21:18,Brooklyn,11230.0,40.617004,-73.96912,1.0,1.0,1,1,0,0,0,0,Driver Inattention/Distraction,Unspecified,4636076,Sedan,Motorcycle
10/14/2022,14:02,Brooklyn,11230.0,40.620605,-73.9586,3.0,1.0,0,0,0,0,3,1,Unsafe Speed,Driver Inexperience,4572961,Sedan,E- SCOOTER
10/14/2022,6:30,Staten Island,10314.0,40.62036,-74.1317,4.0,1.0,0,0,0,0,4,1,Traffic Control Disregarded,Unspecified,4572941,AMBULANCE,Station Wagon/Sport Utility Vehicle
02/17/2020,0:35,Manhattan,10035.0,40.8076,-73.93719,2.0,1.0,0,0,0,0,2,1,Unsafe Speed,Unspecified,4289784,Sedan,Sedan
11/12/2022,11:15,Bronx,10451.0,40.818558,-73.92732,1.0,1.0,0,0,0,0,1,0,Unspecified,Unspecified,4581035,Station Wagon/Sport Utility Vehicle,E-Scooter
06/20/2022,12:59,Manhattan,10001.0,40.746037,-73.9886,4.0,1.0,2,1,1,0,1,0,Traffic Control Disregarded,Unspecified,4539320,Station Wagon/Sport Utility Vehicle,Bike
06/29/2023,9:32,Bronx,10458.0,40.872128,-73.88248,2.0,1.0,0,1,0,0,2,0,Aggressive Driving/Road Rage,Unspecified,4642411,Sedan,Station Wagon/Sport Utility Vehicle
08/22/2022,16:40,Brooklyn,11201.0,40.70299,-73.99471,1.0,1.0,0,0,0,0,1,1,Unsafe Speed,,4557775,Station Wagon/Sport Utility Vehicle,
07/03/2023,6:38,Manhattan,10033.0,40.847412,-73.93331,4.0,2.0,0,0,0,0,4,2,Traffic Control Disregarded,Unspecified,4643193,Sedan,Station Wagon/Sport Utility Vehicle
06/28/2022,17:41,Brooklyn,11234.0,40.623714,-73.91772,3.0,1.0,0,0,0,0,3,1,Unspecified,Unspecified,4541662,Sedan,Bus
07/06/2023,2:33,Queens,11419.0,40.69405,-73.82802,2.0,1.0,0,0,0,0,2,1,Unspecified,Unspecified,4643448,Sedan,Box Truck
12/30/2022,12:44,Brooklyn,11238.0,40.680954,-73.96768,1.0,1.0,0,0,0,0,1,1,Driver Inattention/Distraction,,4594304,Station Wagon/Sport Utility Vehicle,
07/01/2023,0:27,Queens,11372.0,40.753536,-73.8869,3.0,1.0,0,0,0,0,3,1,Traffic Control Disregarded,Unspecified,4643896,Motorcycle,
02/08/2023,5:58,Bronx,10467.0,40.87316,-73.87476,1.0,1.0,0,0,0,0,1,1,Driver Inattention/Distraction,Oversized Vehicle,4604527,Taxi,Forklift
03/03/2023,20:49,Brooklyn,11224.0,40.575924,-73.99114,1.0,1.0,1,1,0,0,0,0,Driver Inattention/Distraction,,4609976,Pick-up Truck,
02/17/2023,20:33,Queens,11691.0,40.59872,-73.76601,4.0,1.0,0,1,0,0,4,0,Unspecified,Unspecified,4609851,Station Wagon/Sport Utility Vehicle,Sedan
03/13/2023,18:34,Brooklyn,11225.0,40.666286,-73.95084,1.0,1.0,0,0,0,0,1,1,Traffic Control Disregarded,Unspecified,4612732,Station Wagon/Sport Utility Vehicle,Sedan
03/20/2023,12:47,Brooklyn,11204.0,40.619736,-73.98958,5.0,2.0,0,1,0,0,5,1,Traffic Control Disregarded,Unspecified,4614333,Sedan,Station Wagon/Sport Utility Vehicle
08/17/2023,9:24,Bronx,10452.0,40.840225,-73.91769,1.0,1.0,0,0,0,0,1,1,Unsafe Speed,Unspecified,4654945,Moped,Dump
08/18/2023,3:22,Brooklyn,11201.0,40.68969,-73.99237,3.0,1.0,0,0,0,0,3,1,Unsafe Speed,Unspecified,4655140,Sedan,Sedan
09/12/2023,13:04,Brooklyn,11214.0,40.594334,-73.990944,1.0,1.0,1,1,0,0,0,0,Driver Inattention/Distraction,,4661771,PK,
05/17/2023,18:38,Queens,11434.0,40.667915,-73.77523,2.0,1.0,1,0,0,0,1,1,Driver Inexperience,Unspecified,4629782,Sedan,UPS Truck
05/14/2023,21:28,Brooklyn,11236.0,40.648903,-73.89876,2.0,1.0,0,0,0,0,2,1,Other Vehicular,Other Vehicular,4628944,Sedan,Motorcycle
